,,,,,,,"<tr class=""bg-card rounded text-gray-200 bg-neutral-900"">"
,,,,,,,"<td class=""p-4"">Left</td>"
,,,,,,,"<td class=""p-4"">Head South on Mill Village Rd (LEFT out of main D2R2 field)</td>"
,,,,,,,"<td class=""p-4"">0.01</td>"
,,,,,,,
,,,,,,,</tr>
,,,,,,,
Type,Notes,Distance (miles) From Start,Elevation (ft),Description,Edited,,
Start,Start of route,0,0,,,"<tr class=""bg-card rounded text-gray-200 bg-neutral-900"">",<td class='p-4'>Start</td> <td class='p-4'>Start of route</td> <td class='p-4'>0</td>
Left,Head South on Mill Village Rd (LEFT out of main D2R2 field),0.01,142.72,,Edited,"<tr class=""bg-card rounded text-gray-200 bg-neutral-900"">",<td class='p-4'>Left</td> <td class='p-4'>Head South on Mill Village Rd (LEFT out of main D2R2 field)</td> <td class='p-4'>0.01</td>
Right,Turn right onto Stillwater Rd,0.9,155.51,,,"<tr class=""bg-card rounded text-gray-200 bg-neutral-900"">",<td class='p-4'>Right</td> <td class='p-4'>Turn right onto Stillwater Rd</td> <td class='p-4'>0.9</td>
Right,RIGHT onto Hoosac Rd (which soon turns to dirt),2.25,304.46,,Edited,"<tr class=""bg-card rounded text-gray-200 bg-neutral-900"">",<td class='p-4'>Right</td> <td class='p-4'>RIGHT onto Hoosac Rd (which soon turns to dirt)</td> <td class='p-4'>2.25</td>
Right,"T-intersection, RIGHT onto Mathews Rd",4.27,482.28,,Edited,"<tr class=""bg-card rounded text-gray-200 bg-neutral-900"">","<td class='p-4'>Right</td> <td class='p-4'>T-intersection, RIGHT onto Mathews Rd</td> <td class='p-4'>4.27</td>"
Right,RIGHT onto Boyden Rd (tiny driveway-sized road; the sign is 100 ft. past turn),4.53,504.27,,Edited,"<tr class=""bg-card rounded text-gray-200 bg-neutral-900"">",<td class='p-4'>Right</td> <td class='p-4'>RIGHT onto Boyden Rd (tiny driveway-sized road; the sign is 100 ft. past turn)</td> <td class='p-4'>4.53</td>
Right,"T-intersection, RIGHT onto Graves Rd (no sign)",5.58,617.45,,Edited,"<tr class=""bg-card rounded text-gray-200 bg-neutral-900"">","<td class='p-4'>Right</td> <td class='p-4'>T-intersection, RIGHT onto Graves Rd (no sign)</td> <td class='p-4'>5.58</td>"
Right,T-intersection RIGHT onto Reeds Bridge Rd,6.42,619.09,,Edited,"<tr class=""bg-card rounded text-gray-200 bg-neutral-900"">",<td class='p-4'>Right</td> <td class='p-4'>T-intersection RIGHT onto Reeds Bridge Rd</td> <td class='p-4'>6.42</td>
Straight,STRAIGHT across onto Elmer Rd (after little bridge),7.78,476.05,,Edited,"<tr class=""bg-card rounded text-gray-200 bg-neutral-900"">",<td class='p-4'>Straight</td> <td class='p-4'>STRAIGHT across onto Elmer Rd (after little bridge)</td> <td class='p-4'>7.78</td>
Left,LEFT onto Newhall Rd (at top of steep little hill),7.99,636.48,,Edited,"<tr class=""bg-card rounded text-gray-200 bg-neutral-900"">",<td class='p-4'>Left</td> <td class='p-4'>LEFT onto Newhall Rd (at top of steep little hill)</td> <td class='p-4'>7.99</td>
Right,"T-intersection, RIGHT onto Shelburne Falls Rd (climb)",8.6,611.55,climb,Edited,"<tr class=""bg-card rounded text-gray-200 bg-neutral-900"">","<td class='p-4'>Right</td> <td class='p-4'>T-intersection, RIGHT onto Shelburne Falls Rd (climb)</td> <td class='p-4'>8.6</td>"
Left,LEFT onto Pine Hill Rd,9.94,663.39,,Edited,"<tr class=""bg-card rounded text-gray-200 bg-neutral-900"">",<td class='p-4'>Left</td> <td class='p-4'>LEFT onto Pine Hill Rd</td> <td class='p-4'>9.94</td>
Left,Bear left to stay on Pine Hill Rd,10.11,652.89,,Edited,"<tr class=""bg-card rounded text-gray-200 bg-neutral-900"">",<td class='p-4'>Left</td> <td class='p-4'>Bear left to stay on Pine Hill Rd</td> <td class='p-4'>10.11</td>
Left,LEFT to stay on Pine Hill Rd (dirt),10.46,726.71,dirt,Edited,"<tr class=""bg-card rounded text-gray-200 bg-neutral-900"">",<td class='p-4'>Left</td> <td class='p-4'>LEFT to stay on Pine Hill Rd (dirt)</td> <td class='p-4'>10.46</td>
Straight,"Continue straight, ignore road closure sign",11.13,845.14,,Edited,"<tr class=""bg-card rounded text-gray-200 bg-neutral-900"">","<td class='p-4'>Straight</td> <td class='p-4'>Continue straight, ignore road closure sign</td> <td class='p-4'>11.13</td>"
Danger,"Pavement: CAUTION: entering ""The Bobsled Run"" (steep twisty descent near bottom)",12.43,936.35,,Edited,"<tr class=""bg-card rounded text-gray-200 bg-neutral-900"">","<td class='p-4'>Danger</td> <td class='p-4'>Pavement: CAUTION: entering ""The Bobsled Run"" (steep twisty descent near bottom)</td> <td class='p-4'>12.43</td>"
Right,RIGHT at little grass triangle onto Upper Baptist Hill Rd (no sign),13.03,625.33,,Edited,"<tr class=""bg-card rounded text-gray-200 bg-neutral-900"">",<td class='p-4'>Right</td> <td class='p-4'>RIGHT at little grass triangle onto Upper Baptist Hill Rd (no sign)</td> <td class='p-4'>13.03</td>
Right,RIGHT onto Ives Rd,13.36,647.31,,Edited,"<tr class=""bg-card rounded text-gray-200 bg-neutral-900"">",<td class='p-4'>Right</td> <td class='p-4'>RIGHT onto Ives Rd</td> <td class='p-4'>13.36</td>
Left,Left to stay on Ives Rd,13.58,722.11,,Edited,"<tr class=""bg-card rounded text-gray-200 bg-neutral-900"">",<td class='p-4'>Left</td> <td class='p-4'>Left to stay on Ives Rd</td> <td class='p-4'>13.58</td>
Right,"T-intersection, RIGHT onto Rt.116",13.76,656.82,,Edited,"<tr class=""bg-card rounded text-gray-200 bg-neutral-900"">","<td class='p-4'>Right</td> <td class='p-4'>T-intersection, RIGHT onto Rt.116</td> <td class='p-4'>13.76</td>"
Left,LEFT onto Burkeville Covered Brodge,13.85,648.62,,Edited,"<tr class=""bg-card rounded text-gray-200 bg-neutral-900"">",<td class='p-4'>Left</td> <td class='p-4'>LEFT onto Burkeville Covered Brodge</td> <td class='p-4'>13.85</td>
Slight Right,Stay right off bridge on Main Poland Rd (steep climb begins soon),13.89,662.4,,Edited,"<tr class=""bg-card rounded text-gray-200 bg-neutral-900"">",<td class='p-4'>Slight Right</td> <td class='p-4'>Stay right off bridge on Main Poland Rd (steep climb begins soon)</td> <td class='p-4'>13.89</td>
Danger,"Summit, through cut in bedrock, ""Poland Gate"". CAUTION: the downhill is often rocky washboard.",15.47,1161.42,,Edited,"<tr class=""bg-card rounded text-gray-200 bg-neutral-900"">","<td class='p-4'>Danger</td> <td class='p-4'>Summit, through cut in bedrock, ""Poland Gate"". CAUTION: the downhill is often rocky washboard.</td> <td class='p-4'>15.47</td>"
Right,RIGHT onto North Poland Rd,16.72,906.82,,Edited,"<tr class=""bg-card rounded text-gray-200 bg-neutral-900"">",<td class='p-4'>Right</td> <td class='p-4'>RIGHT onto North Poland Rd</td> <td class='p-4'>16.72</td>
Left,"LEFT onto Bullitt Rd, dirt (no sign, just past driveway #536). CAUTION: possibly washout.",17.66,912.73,,Edited,"<tr class=""bg-card rounded text-gray-200 bg-neutral-900"">","<td class='p-4'>Left</td> <td class='p-4'>LEFT onto Bullitt Rd, dirt (no sign, just past driveway #536). CAUTION: possibly washout.</td> <td class='p-4'>17.66</td>"
Straight,STRAIGHT across Rt 116 onto Murray Rd (little dirt lane),18.66,913.71,,Edited,"<tr class=""bg-card rounded text-gray-200 bg-neutral-900"">",<td class='p-4'>Straight</td> <td class='p-4'>STRAIGHT across Rt 116 onto Murray Rd (little dirt lane)</td> <td class='p-4'>18.66</td>
Left,LEFT at end of lane onto Hill Rd (no sign),18.87,990.49,,Edited,"<tr class=""bg-card rounded text-gray-200 bg-neutral-900"">",<td class='p-4'>Left</td> <td class='p-4'>LEFT at end of lane onto Hill Rd (no sign)</td> <td class='p-4'>18.87</td>
Left,Fork left onto Burton Hill Rd,19.05,1025.26,,Edited,"<tr class=""bg-card rounded text-gray-200 bg-neutral-900"">",<td class='p-4'>Left</td> <td class='p-4'>Fork left onto Burton Hill Rd</td> <td class='p-4'>19.05</td>
Straight,STRAIGHT across Rt 116 onto Creamery Rd (through grassy triangle),19.26,987.2,,Edited,"<tr class=""bg-card rounded text-gray-200 bg-neutral-900"">",<td class='p-4'>Straight</td> <td class='p-4'>STRAIGHT across Rt 116 onto Creamery Rd (through grassy triangle)</td> <td class='p-4'>19.26</td>
Left,"T-intersection, LEFT onto Norton Hill Rd (no sign)",21.08,1339.24,,Edited,"<tr class=""bg-card rounded text-gray-200 bg-neutral-900"">","<td class='p-4'>Left</td> <td class='p-4'>T-intersection, LEFT onto Norton Hill Rd (no sign)</td> <td class='p-4'>21.08</td>"
Right,Quick fork RIGHT at triangle onto Steady Lane (sign only for Norton Hill),21.14,1352.03,,Edited,"<tr class=""bg-card rounded text-gray-200 bg-neutral-900"">",<td class='p-4'>Right</td> <td class='p-4'>Quick fork RIGHT at triangle onto Steady Lane (sign only for Norton Hill)</td> <td class='p-4'>21.14</td>
Water,"Snacks & water at Steady Lane Farm on left, Open 7:00-10:00 Park bikes off road!",21.27,1360.56,,Edited,"<tr class=""bg-card rounded text-gray-200 bg-neutral-900"">","<td class='p-4'>Water</td> <td class='p-4'>Snacks & water at Steady Lane Farm on left, Open 7:00-10:00 Park bikes off road!</td> <td class='p-4'>21.27</td>"
Straight,"STRAIGHT across Rt 112 onto Lilliput Rd, dirt (no sign)",21.53,1380.91,,Edited,"<tr class=""bg-card rounded text-gray-200 bg-neutral-900"">","<td class='p-4'>Straight</td> <td class='p-4'>STRAIGHT across Rt 112 onto Lilliput Rd, dirt (no sign)</td> <td class='p-4'>21.53</td>"
Right,"T-intersection, RIGHT onto Bug Hill Rd (no sign)",22.21,1696.52,,Edited,"<tr class=""bg-card rounded text-gray-200 bg-neutral-900"">","<td class='p-4'>Right</td> <td class='p-4'>T-intersection, RIGHT onto Bug Hill Rd (no sign)</td> <td class='p-4'>22.21</td>"
Straight,Continue straight: CAUTION: this intersection has no stop signs in any direction,24.29,1606.63,,Edited,"<tr class=""bg-card rounded text-gray-200 bg-neutral-900"">",<td class='p-4'>Straight</td> <td class='p-4'>Continue straight: CAUTION: this intersection has no stop signs in any direction</td> <td class='p-4'>24.29</td>
Right,RIGHT onto Old Stage Rd,24.88,1509.84,,Edited,"<tr class=""bg-card rounded text-gray-200 bg-neutral-900"">",<td class='p-4'>Right</td> <td class='p-4'>RIGHT onto Old Stage Rd</td> <td class='p-4'>24.88</td>
Left,Bear LEFT onto Hawley Rd (becomes Ashfield Rd 200 yds later at Hawley town line),26.15,1734.91,,Edited,"<tr class=""bg-card rounded text-gray-200 bg-neutral-900"">",<td class='p-4'>Left</td> <td class='p-4'>Bear LEFT onto Hawley Rd (becomes Ashfield Rd 200 yds later at Hawley town line)</td> <td class='p-4'>26.15</td>
Right,"T-intersection, RIGHT onto Plainfield Rd",27.31,1706.69,,Edited,"<tr class=""bg-card rounded text-gray-200 bg-neutral-900"">","<td class='p-4'>Right</td> <td class='p-4'>T-intersection, RIGHT onto Plainfield Rd</td> <td class='p-4'>27.31</td>"
Right,Right onto Buckland Rd,27.49,1751.31,,Edited,"<tr class=""bg-card rounded text-gray-200 bg-neutral-900"">",<td class='p-4'>Right</td> <td class='p-4'>Right onto Buckland Rd</td> <td class='p-4'>27.49</td>
Left,LEFT onto Pond Rd,28.16,1622.7,,Edited,"<tr class=""bg-card rounded text-gray-200 bg-neutral-900"">",<td class='p-4'>Left</td> <td class='p-4'>LEFT onto Pond Rd</td> <td class='p-4'>28.16</td>
Left,"T-intersection, LEFT onto Forget Rd",29.04,1667.98,,Edited,"<tr class=""bg-card rounded text-gray-200 bg-neutral-900"">","<td class='p-4'>Left</td> <td class='p-4'>T-intersection, LEFT onto Forget Rd</td> <td class='p-4'>29.04</td>"
Right,Heads up! RIGHT at phone pole onto little jeep track - this is actually East Rd,29.45,1767.06,,Edited,"<tr class=""bg-card rounded text-gray-200 bg-neutral-900"">",<td class='p-4'>Right</td> <td class='p-4'>Heads up! RIGHT at phone pole onto little jeep track - this is actually East Rd</td> <td class='p-4'>29.45</td>
Left,"T-intersection, left to stay on East Rd",30.19,1655.84,,Edited,"<tr class=""bg-card rounded text-gray-200 bg-neutral-900"">","<td class='p-4'>Left</td> <td class='p-4'>T-intersection, left to stay on East Rd</td> <td class='p-4'>30.19</td>"
Danger,"CAUTION: steep, narrow downhill with patches of rutted, stony, washboard and surprise traffic. 
Don't leave your water bottles here.",30.21,1643.7,,Edited,"<tr class=""bg-card rounded text-gray-200 bg-neutral-900"">","<td class='p-4'>Danger</td> <td class='p-4'>CAUTION: steep, narrow downhill with patches of rutted, stony, washboard and surprise traffic. 
Don't leave your water bottles here.</td> <td class='p-4'>30.21</td>"
Sharp Right,"Hard RIGHT downhill turn after little bridge, still East Rd",32.04,807.74,,Edited,"<tr class=""bg-card rounded text-gray-200 bg-neutral-900"">","<td class='p-4'>Sharp Right</td> <td class='p-4'>Hard RIGHT downhill turn after little bridge, still East Rd</td> <td class='p-4'>32.04</td>"
Right,Merge right onto East Hawley Rd. Pavement resumes. CAUTION: cars from left. No sign.,32.64,757.55,,Edited,"<tr class=""bg-card rounded text-gray-200 bg-neutral-900"">",<td class='p-4'>Right</td> <td class='p-4'>Merge right onto East Hawley Rd. Pavement resumes. CAUTION: cars from left. No sign.</td> <td class='p-4'>32.64</td>
Left,"T-intersection, LEFT onto South River Rd",33.35,545.6,,Edited,"<tr class=""bg-card rounded text-gray-200 bg-neutral-900"">","<td class='p-4'>Left</td> <td class='p-4'>T-intersection, LEFT onto South River Rd</td> <td class='p-4'>33.35</td>"
Right,"RIGHT, cross RR tracks onto Rt 8A",33.45,545.6,,Edited,"<tr class=""bg-card rounded text-gray-200 bg-neutral-900"">","<td class='p-4'>Right</td> <td class='p-4'>RIGHT, cross RR tracks onto Rt 8A</td> <td class='p-4'>33.45</td>"
Right,RIGHT onto Route 2; please stay single file for next mile through town,33.56,551.18,,Edited,"<tr class=""bg-card rounded text-gray-200 bg-neutral-900"">",<td class='p-4'>Right</td> <td class='p-4'>RIGHT onto Route 2; please stay single file for next mile through town</td> <td class='p-4'>33.56</td>
Left,LEFT Route 8A - note Neighbor's Store before corner,34.2,582.35,,Edited,"<tr class=""bg-card rounded text-gray-200 bg-neutral-900"">",<td class='p-4'>Left</td> <td class='p-4'>LEFT Route 8A - note Neighbor's Store before corner</td> <td class='p-4'>34.2</td>
Left,Bear left onto Bissell Covered Bridge to stay on Rt 8A,34.46,645.01,,Edited,"<tr class=""bg-card rounded text-gray-200 bg-neutral-900"">",<td class='p-4'>Left</td> <td class='p-4'>Bear left onto Bissell Covered Bridge to stay on Rt 8A</td> <td class='p-4'>34.46</td>
Right,RIGHT onto Mountain Rd; 15% climb next 3/4 mile,35.35,757.22,,Edited,"<tr class=""bg-card rounded text-gray-200 bg-neutral-900"">",<td class='p-4'>Right</td> <td class='p-4'>RIGHT onto Mountain Rd; 15% climb next 3/4 mile</td> <td class='p-4'>35.35</td>
Left,"LEFT onto South Heath Rd; paved, super steep, becomes South Rd at Heath town line",36.35,1091.21,,Edited,"<tr class=""bg-card rounded text-gray-200 bg-neutral-900"">","<td class='p-4'>Left</td> <td class='p-4'>LEFT onto South Heath Rd; paved, super steep, becomes South Rd at Heath town line</td> <td class='p-4'>36.35</td>"
Left,T-intersection: LEFT onto Town Farm Rd,37.33,1584.97,,Edited,"<tr class=""bg-card rounded text-gray-200 bg-neutral-900"">",<td class='p-4'>Left</td> <td class='p-4'>T-intersection: LEFT onto Town Farm Rd</td> <td class='p-4'>37.33</td>
Left,4-way intersection: LEFT on South Rd across from Bassett Rd,37.83,1581.69,,Edited,"<tr class=""bg-card rounded text-gray-200 bg-neutral-900"">",<td class='p-4'>Left</td> <td class='p-4'>4-way intersection: LEFT on South Rd across from Bassett Rd</td> <td class='p-4'>37.83</td>
Straight,Fork STRAIGHT (or LEFT) onto Royer Rd (dirt),37.98,1600.72,,Edited,"<tr class=""bg-card rounded text-gray-200 bg-neutral-900"">",<td class='p-4'>Straight</td> <td class='p-4'>Fork STRAIGHT (or LEFT) onto Royer Rd (dirt)</td> <td class='p-4'>37.98</td>
Straight,Continue straight - road becomes gnarly,38.17,1625.33,,Edited,"<tr class=""bg-card rounded text-gray-200 bg-neutral-900"">",<td class='p-4'>Straight</td> <td class='p-4'>Continue straight - road becomes gnarly</td> <td class='p-4'>38.17</td>
Water,"Snacks & water: 60 Royer Rd, Heath. Open 8:15-12:00",38.77,1726.38,,Edited,"<tr class=""bg-card rounded text-gray-200 bg-neutral-900"">","<td class='p-4'>Water</td> <td class='p-4'>Snacks & water: 60 Royer Rd, Heath. Open 8:15-12:00</td> <td class='p-4'>38.77</td>"
Right,"T-intersection at bottom of descent, RIGHT onto Dell Rd (pavement, no sign) which becomes W. Main St",39.29,1487.2,,Edited,"<tr class=""bg-card rounded text-gray-200 bg-neutral-900"">","<td class='p-4'>Right</td> <td class='p-4'>T-intersection at bottom of descent, RIGHT onto Dell Rd (pavement, no sign) which becomes W. Main St</td> <td class='p-4'>39.29</td>"
Straight,Straight through center of town,39.94,1670.93,,Edited,"<tr class=""bg-card rounded text-gray-200 bg-neutral-900"">",<td class='p-4'>Straight</td> <td class='p-4'>Straight through center of town</td> <td class='p-4'>39.94</td>
Straight,Continue STRAIGHT onto E. Main St,40.03,1679.46,Right if there's a question about Straight,Edited,"<tr class=""bg-card rounded text-gray-200 bg-neutral-900"">",<td class='p-4'>Straight</td> <td class='p-4'>Continue STRAIGHT onto E. Main St</td> <td class='p-4'>40.03</td>
Straight,Stay STRAIGHT (or LEFT) onto Taylor Brook Rd (dirt),40.25,1666.99,,Edited,"<tr class=""bg-card rounded text-gray-200 bg-neutral-900"">",<td class='p-4'>Straight</td> <td class='p-4'>Stay STRAIGHT (or LEFT) onto Taylor Brook Rd (dirt)</td> <td class='p-4'>40.25</td>
Straight,Straight through 4-way intersection; note pond on left 200 yds later,41.2,1630.25,,Edited,"<tr class=""bg-card rounded text-gray-200 bg-neutral-900"">",<td class='p-4'>Straight</td> <td class='p-4'>Straight through 4-way intersection; note pond on left 200 yds later</td> <td class='p-4'>41.2</td>
Straight,Road turns to pavement and becomes Heath Rd at Colrain town line,42.45,1241.47,,Edited,"<tr class=""bg-card rounded text-gray-200 bg-neutral-900"">",<td class='p-4'>Straight</td> <td class='p-4'>Road turns to pavement and becomes Heath Rd at Colrain town line</td> <td class='p-4'>42.45</td>
Left,LEFT onto Maxam Rd - don't miss this turn,43.49,970.8,,Edited,"<tr class=""bg-card rounded text-gray-200 bg-neutral-900"">",<td class='p-4'>Left</td> <td class='p-4'>LEFT onto Maxam Rd - don't miss this turn</td> <td class='p-4'>43.49</td>
Left,Stay to the left (still Maxam Rd),43.93,881.56,,Edited,"<tr class=""bg-card rounded text-gray-200 bg-neutral-900"">",<td class='p-4'>Left</td> <td class='p-4'>Stay to the left (still Maxam Rd)</td> <td class='p-4'>43.93</td>
Left,T-intersection; LEFT onto Adamsville Rd (catch your breath),44.51,660.43,,Edited,"<tr class=""bg-card rounded text-gray-200 bg-neutral-900"">",<td class='p-4'>Left</td> <td class='p-4'>T-intersection; LEFT onto Adamsville Rd (catch your breath)</td> <td class='p-4'>44.51</td>
Left,Slight LEFT onto Archambo Rd (becomes extremely steep),44.62,675.85,,Edited,"<tr class=""bg-card rounded text-gray-200 bg-neutral-900"">",<td class='p-4'>Left</td> <td class='p-4'>Slight LEFT onto Archambo Rd (becomes extremely steep)</td> <td class='p-4'>44.62</td>
Right,"T-intersection, RIGHT onto White Rd",45.51,752.62,,Edited,"<tr class=""bg-card rounded text-gray-200 bg-neutral-900"">","<td class='p-4'>Right</td> <td class='p-4'>T-intersection, RIGHT onto White Rd</td> <td class='p-4'>45.51</td>"
Right,"T-intersection, RIGHT onto Adamsville Rd",45.61,738.52,,Edited,"<tr class=""bg-card rounded text-gray-200 bg-neutral-900"">","<td class='p-4'>Right</td> <td class='p-4'>T-intersection, RIGHT onto Adamsville Rd</td> <td class='p-4'>45.61</td>"
Left,"Immediate LEFT onto Hillman Rd. (dirt, no sign). Hard climb, arguably the hardest climb on the course",45.66,741.14,,Edited,"<tr class=""bg-card rounded text-gray-200 bg-neutral-900"">","<td class='p-4'>Left</td> <td class='p-4'>Immediate LEFT onto Hillman Rd. (dirt, no sign). Hard climb, arguably the hardest climb on the course</td> <td class='p-4'>45.66</td>"
Left,"T-intersection, LEFT onto Wilson Hill Rd",47.3,1427.17,no sign,Edited,"<tr class=""bg-card rounded text-gray-200 bg-neutral-900"">","<td class='p-4'>Left</td> <td class='p-4'>T-intersection, LEFT onto Wilson Hill Rd</td> <td class='p-4'>47.3</td>"
Right,"T-intersection, RIGHT onto Christian Hill Rd (no sign)",48.14,1466.54,,Edited,"<tr class=""bg-card rounded text-gray-200 bg-neutral-900"">","<td class='p-4'>Right</td> <td class='p-4'>T-intersection, RIGHT onto Christian Hill Rd (no sign)</td> <td class='p-4'>48.14</td>"
Right,"Downhill T-intersection, RIGHT onto Thompson Rd (long downhill)",48.37,1410.43,,Edited,"<tr class=""bg-card rounded text-gray-200 bg-neutral-900"">","<td class='p-4'>Right</td> <td class='p-4'>Downhill T-intersection, RIGHT onto Thompson Rd (long downhill)</td> <td class='p-4'>48.37</td>"
Right,"T-intersection, RIGHT onto Route 112 S (Jacksonville Rd)",50.27,718.83,,Edited,"<tr class=""bg-card rounded text-gray-200 bg-neutral-900"">","<td class='p-4'>Right</td> <td class='p-4'>T-intersection, RIGHT onto Route 112 S (Jacksonville Rd)</td> <td class='p-4'>50.27</td>"
Left,LEFT onto Franklin Hill Rd,51.5,698.49,,Edited,"<tr class=""bg-card rounded text-gray-200 bg-neutral-900"">",<td class='p-4'>Left</td> <td class='p-4'>LEFT onto Franklin Hill Rd</td> <td class='p-4'>51.5</td>
Left,Left after bridge onto tiny dirt lane (still Franklin Hill Rd),51.65,694.88,,Edited,"<tr class=""bg-card rounded text-gray-200 bg-neutral-900"">",<td class='p-4'>Left</td> <td class='p-4'>Left after bridge onto tiny dirt lane (still Franklin Hill Rd)</td> <td class='p-4'>51.65</td>
Left,Bear left past rock walls (straight ahead is a jeep track),53,1152.23,,Edited,"<tr class=""bg-card rounded text-gray-200 bg-neutral-900"">",<td class='p-4'>Left</td> <td class='p-4'>Bear left past rock walls (straight ahead is a jeep track)</td> <td class='p-4'>53</td>
Left,"Downhill T-intersection, LEFT onto Amidon Rd (no sign)",53.8,1021,,Edited,"<tr class=""bg-card rounded text-gray-200 bg-neutral-900"">","<td class='p-4'>Left</td> <td class='p-4'>Downhill T-intersection, LEFT onto Amidon Rd (no sign)</td> <td class='p-4'>53.8</td>"
Straight,"Stay straight, note sign for Amidon Rd",55.16,1406.5,,Edited,"<tr class=""bg-card rounded text-gray-200 bg-neutral-900"">","<td class='p-4'>Straight</td> <td class='p-4'>Stay straight, note sign for Amidon Rd</td> <td class='p-4'>55.16</td>"
Left,"LEFT onto Jacksonville Stage Rd. Sign is hard to see, but visible looking back",55.57,1461.61,,Edited,"<tr class=""bg-card rounded text-gray-200 bg-neutral-900"">","<td class='p-4'>Left</td> <td class='p-4'>LEFT onto Jacksonville Stage Rd. Sign is hard to see, but visible looking back</td> <td class='p-4'>55.57</td>"
Left,"Stay left, still on Jacksonville Stage Rd",57.12,1694.88,,Edited,"<tr class=""bg-card rounded text-gray-200 bg-neutral-900"">","<td class='p-4'>Left</td> <td class='p-4'>Stay left, still on Jacksonville Stage Rd</td> <td class='p-4'>57.12</td>"
Right,"RIGHT onto Old County Rd. 
Note that the routes diverge. Don't follow riders straight.",58.01,1583.99,,Edited,"<tr class=""bg-card rounded text-gray-200 bg-neutral-900"">","<td class='p-4'>Right</td> <td class='p-4'>RIGHT onto Old County Rd. 
Note that the routes diverge. Don't follow riders straight.</td> <td class='p-4'>58.01</td>"
Right,RIGHT onto Deer Park Rd (no sign),58.64,1646,,Edited,"<tr class=""bg-card rounded text-gray-200 bg-neutral-900"">",<td class='p-4'>Right</td> <td class='p-4'>RIGHT onto Deer Park Rd (no sign)</td> <td class='p-4'>58.64</td>
Danger,CAUTION Freshly graded surface for next 4.1 miles. Reduce speed on downhills and in corners.,58.65,1648.29,,Edited,"<tr class=""bg-card rounded text-gray-200 bg-neutral-900"">",<td class='p-4'>Danger</td> <td class='p-4'>CAUTION Freshly graded surface for next 4.1 miles. Reduce speed on downhills and in corners.</td> <td class='p-4'>58.65</td>
Right,"Bear right at bottom of hill, still on Deer Park Rd",61.33,1369.42,,Edited,"<tr class=""bg-card rounded text-gray-200 bg-neutral-900"">","<td class='p-4'>Right</td> <td class='p-4'>Bear right at bottom of hill, still on Deer Park Rd</td> <td class='p-4'>61.33</td>"
Left,"Stay left (at Josh Rd), still on Deer Park Rd",62.45,1091.86,,Edited,"<tr class=""bg-card rounded text-gray-200 bg-neutral-900"">","<td class='p-4'>Left</td> <td class='p-4'>Stay left (at Josh Rd), still on Deer Park Rd</td> <td class='p-4'>62.45</td>"
Danger,CAUTION: Hard left bend onto wooden bridge,62.72,901.57,,Edited,"<tr class=""bg-card rounded text-gray-200 bg-neutral-900"">",<td class='p-4'>Danger</td> <td class='p-4'>CAUTION: Hard left bend onto wooden bridge</td> <td class='p-4'>62.72</td>
Right,"T-intersection, RIGHT onto Hinesburg / Green River Rd",62.75,925.2,,Edited,"<tr class=""bg-card rounded text-gray-200 bg-neutral-900"">","<td class='p-4'>Right</td> <td class='p-4'>T-intersection, RIGHT onto Hinesburg / Green River Rd</td> <td class='p-4'>62.75</td>"
Right,RIGHT onto Green River Rd,63.83,838.58,,Edited,"<tr class=""bg-card rounded text-gray-200 bg-neutral-900"">",<td class='p-4'>Right</td> <td class='p-4'>RIGHT onto Green River Rd</td> <td class='p-4'>63.83</td>
Right,Slight right to stay on Green River Rd,65.76,703.41,,,"<tr class=""bg-card rounded text-gray-200 bg-neutral-900"">",<td class='p-4'>Right</td> <td class='p-4'>Slight right to stay on Green River Rd</td> <td class='p-4'>65.76</td>
Right,Turn right onto Jacksonville Stage Rd/​Stage Rd and head through covered bridge,65.79,696.85,,Edited,"<tr class=""bg-card rounded text-gray-200 bg-neutral-900"">",<td class='p-4'>Right</td> <td class='p-4'>Turn right onto Jacksonville Stage Rd/​Stage Rd and head through covered bridge</td> <td class='p-4'>65.79</td>
Food,"LUNCH at Green River Crib Dam on right. After lunch go back through covered bridge, continue straight on Jacksonville Stage Rd.",65.83,715.22,,Edited,"<tr class=""bg-card rounded text-gray-200 bg-neutral-900"">","<td class='p-4'>Food</td> <td class='p-4'>LUNCH at Green River Crib Dam on right. After lunch go back through covered bridge, continue straight on Jacksonville Stage Rd.</td> <td class='p-4'>65.83</td>"
Right,"T-intersection, RIGHT onto Sweet Pond Rd (intersection is paved)",68.32,755.25,,Edited,"<tr class=""bg-card rounded text-gray-200 bg-neutral-900"">","<td class='p-4'>Right</td> <td class='p-4'>T-intersection, RIGHT onto Sweet Pond Rd (intersection is paved)</td> <td class='p-4'>68.32</td>"
Right,Sweet Pond Rd bends right up sharp hill (at Potash Rd),69.52,1069.23,,Edited,"<tr class=""bg-card rounded text-gray-200 bg-neutral-900"">",<td class='p-4'>Right</td> <td class='p-4'>Sweet Pond Rd bends right up sharp hill (at Potash Rd)</td> <td class='p-4'>69.52</td>
Left,Stay to the left (at Abijah Prince Rd),70.4,1224.08,,Edited,"<tr class=""bg-card rounded text-gray-200 bg-neutral-900"">",<td class='p-4'>Left</td> <td class='p-4'>Stay to the left (at Abijah Prince Rd)</td> <td class='p-4'>70.4</td>
Right,"Fork to the right, still on Sweet Pond Rd",72.69,771.33,,Edited,"<tr class=""bg-card rounded text-gray-200 bg-neutral-900"">","<td class='p-4'>Right</td> <td class='p-4'>Fork to the right, still on Sweet Pond Rd</td> <td class='p-4'>72.69</td>"
Straight,Cross pavement onto Keet's Brook Rd,72.98,680.77,,Edited,"<tr class=""bg-card rounded text-gray-200 bg-neutral-900"">",<td class='p-4'>Straight</td> <td class='p-4'>Cross pavement onto Keet's Brook Rd</td> <td class='p-4'>72.98</td>
Right,RIGHT onto Simon Keet's Rd (bridge),73.97,611.88,,Edited,"<tr class=""bg-card rounded text-gray-200 bg-neutral-900"">",<td class='p-4'>Right</td> <td class='p-4'>RIGHT onto Simon Keet's Rd (bridge)</td> <td class='p-4'>73.97</td>
Straight,Merge left onto Brattleboro Rd (pavement),74.5,753.28,,Edited,"<tr class=""bg-card rounded text-gray-200 bg-neutral-900"">",<td class='p-4'>Straight</td> <td class='p-4'>Merge left onto Brattleboro Rd (pavement)</td> <td class='p-4'>74.5</td>
Right,RIGHT onto Greenfield Rd,74.65,750.66,,Edited,"<tr class=""bg-card rounded text-gray-200 bg-neutral-900"">",<td class='p-4'>Right</td> <td class='p-4'>RIGHT onto Greenfield Rd</td> <td class='p-4'>74.65</td>
Right,RIGHT onto Alexander Rd,74.86,759.84,,Edited,"<tr class=""bg-card rounded text-gray-200 bg-neutral-900"">",<td class='p-4'>Right</td> <td class='p-4'>RIGHT onto Alexander Rd</td> <td class='p-4'>74.86</td>
Left,"Top of climb, LEFT onto North County Rd",76.28,1150.92,,Edited,"<tr class=""bg-card rounded text-gray-200 bg-neutral-900"">","<td class='p-4'>Left</td> <td class='p-4'>Top of climb, LEFT onto North County Rd</td> <td class='p-4'>76.28</td>"
Right,"T-intersection, RIGHT onto West Leyden Rd. Caution, twisty high-speed descent. Sign visible over your shoulder.",78.36,1106.3,,Edited,"<tr class=""bg-card rounded text-gray-200 bg-neutral-900"">","<td class='p-4'>Right</td> <td class='p-4'>T-intersection, RIGHT onto West Leyden Rd. Caution, twisty high-speed descent. Sign visible over your shoulder.</td> <td class='p-4'>78.36</td>"
Left,"T-intersection, LEFT onto Green River Rd., dirt (no sign)
Note optional water stop to the right, just after taking a right on North Green River Rd",80.43,446.52,,Edited,"<tr class=""bg-card rounded text-gray-200 bg-neutral-900"">","<td class='p-4'>Left</td> <td class='p-4'>T-intersection, LEFT onto Green River Rd., dirt (no sign)
Note optional water stop to the right, just after taking a right on North Green River Rd</td> <td class='p-4'>80.43</td>"
Right,"Hairpin RIGHT onto Nelson Rd (no other turns are close).
Note that the routes diverge. Don't follow riders straight past this turn.",84.42,327.76,,Edited,"<tr class=""bg-card rounded text-gray-200 bg-neutral-900"">","<td class='p-4'>Right</td> <td class='p-4'>Hairpin RIGHT onto Nelson Rd (no other turns are close).
Note that the routes diverge. Don't follow riders straight past this turn.</td> <td class='p-4'>84.42</td>"
Left,"T-intersection, LEFT onto East Colrain Rd (no sign)",85.71,682.41,,Edited,"<tr class=""bg-card rounded text-gray-200 bg-neutral-900"">","<td class='p-4'>Left</td> <td class='p-4'>T-intersection, LEFT onto East Colrain Rd (no sign)</td> <td class='p-4'>85.71</td>"
Right,"T-intersection, RIGHT at major power line onto Van Nuys Rd., paved (no sign)
Note that routes diverge. Don't follow riders left down Van Nuys Rd.",86.89,853.35,,Edited,"<tr class=""bg-card rounded text-gray-200 bg-neutral-900"">","<td class='p-4'>Right</td> <td class='p-4'>T-intersection, RIGHT at major power line onto Van Nuys Rd., paved (no sign)
Note that routes diverge. Don't follow riders left down Van Nuys Rd.</td> <td class='p-4'>86.89</td>"
Left,"T-intersection at bottom of hill, LEFT onto Shelburne Line Rd",88.43,871.72,,Edited,"<tr class=""bg-card rounded text-gray-200 bg-neutral-900"">","<td class='p-4'>Left</td> <td class='p-4'>T-intersection at bottom of hill, LEFT onto Shelburne Line Rd</td> <td class='p-4'>88.43</td>"
Right,"RIGHT onto Jurek Rd (no sign, look for faded red barns on left after making turn)",88.9,821.52,,Edited,"<tr class=""bg-card rounded text-gray-200 bg-neutral-900"">","<td class='p-4'>Right</td> <td class='p-4'>RIGHT onto Jurek Rd (no sign, look for faded red barns on left after making turn)</td> <td class='p-4'>88.9</td>"
Right,RIGHT onto Greenfield Rd (double-yellow line). CAUTION: steep descent.,89.83,983.92,,Edited,"<tr class=""bg-card rounded text-gray-200 bg-neutral-900"">",<td class='p-4'>Right</td> <td class='p-4'>RIGHT onto Greenfield Rd (double-yellow line). CAUTION: steep descent.</td> <td class='p-4'>89.83</td>
Danger,Caution: at bottom of descent - blind oncoming traffic behind church,90.51,1043.31,,Edited,"<tr class=""bg-card rounded text-gray-200 bg-neutral-900"">",<td class='p-4'>Danger</td> <td class='p-4'>Caution: at bottom of descent - blind oncoming traffic behind church</td> <td class='p-4'>90.51</td>
Left,LEFT onto Rt 112 South,91.44,617.78,,Edited,"<tr class=""bg-card rounded text-gray-200 bg-neutral-900"">",<td class='p-4'>Left</td> <td class='p-4'>LEFT onto Rt 112 South</td> <td class='p-4'>91.44</td>
Left,Stay left to remain on Route 112,92.17,586.61,,Edited,"<tr class=""bg-card rounded text-gray-200 bg-neutral-900"">",<td class='p-4'>Left</td> <td class='p-4'>Stay left to remain on Route 112</td> <td class='p-4'>92.17</td>
Food,Catamount store on right - good place to stop if you're bonking,92.46,573.16,,Edited,"<tr class=""bg-card rounded text-gray-200 bg-neutral-900"">",<td class='p-4'>Food</td> <td class='p-4'>Catamount store on right - good place to stop if you're bonking</td> <td class='p-4'>92.46</td>
Right,RIGHT onto Lyonsville Rd - cross Colrain Covered Bridge,92.67,551.51,,Edited,"<tr class=""bg-card rounded text-gray-200 bg-neutral-900"">",<td class='p-4'>Right</td> <td class='p-4'>RIGHT onto Lyonsville Rd - cross Colrain Covered Bridge</td> <td class='p-4'>92.67</td>
Left,Bear LEFT at end of street (top of steep little rise) onto Foundry Village Rd,92.89,533.79,,Edited,"<tr class=""bg-card rounded text-gray-200 bg-neutral-900"">",<td class='p-4'>Left</td> <td class='p-4'>Bear LEFT at end of street (top of steep little rise) onto Foundry Village Rd</td> <td class='p-4'>92.89</td>
Left,LEFT just after cemetery onto Adamsville Rd,93.16,542.65,,Edited,"<tr class=""bg-card rounded text-gray-200 bg-neutral-900"">",<td class='p-4'>Left</td> <td class='p-4'>LEFT just after cemetery onto Adamsville Rd</td> <td class='p-4'>93.16</td>
Right,RIGHT after green iron bridge back onto Route 112 South,94.04,509.51,,Edited,"<tr class=""bg-card rounded text-gray-200 bg-neutral-900"">",<td class='p-4'>Right</td> <td class='p-4'>RIGHT after green iron bridge back onto Route 112 South</td> <td class='p-4'>94.04</td>
Left,Fork LEFT before bridge onto Call Rd,94.34,477.36,,Edited,"<tr class=""bg-card rounded text-gray-200 bg-neutral-900"">",<td class='p-4'>Left</td> <td class='p-4'>Fork LEFT before bridge onto Call Rd</td> <td class='p-4'>94.34</td>
Left,"LEFT onto Patten Hill Rd at triangle (sign is 60 ft later, on other fork of road) - big climb",96.04,519.69,,Edited,"<tr class=""bg-card rounded text-gray-200 bg-neutral-900"">","<td class='p-4'>Left</td> <td class='p-4'>LEFT onto Patten Hill Rd at triangle (sign is 60 ft later, on other fork of road) - big climb</td> <td class='p-4'>96.04</td>"
Water,Snacks & water at the Little Big House Gallery. Opens: 12:00; closes 6:00,97.87,1406.82,,Edited,"<tr class=""bg-card rounded text-gray-200 bg-neutral-900"">",<td class='p-4'>Water</td> <td class='p-4'>Snacks & water at the Little Big House Gallery. Opens: 12:00; closes 6:00</td> <td class='p-4'>97.87</td>
Left,Continue south on Patten Hill Rd,97.88,1408.14,,Edited,"<tr class=""bg-card rounded text-gray-200 bg-neutral-900"">",<td class='p-4'>Left</td> <td class='p-4'>Continue south on Patten Hill Rd</td> <td class='p-4'>97.88</td>
Right,"RIGHT onto Square Lot Rd (tiny tree-lined lane, no sign)",98.38,1312.34,,Edited,"<tr class=""bg-card rounded text-gray-200 bg-neutral-900"">","<td class='p-4'>Right</td> <td class='p-4'>RIGHT onto Square Lot Rd (tiny tree-lined lane, no sign)</td> <td class='p-4'>98.38</td>"
Right,"T-intersection, RIGHT onto Tower Rd, paved (no sign)",98.74,1196.19,,Edited,"<tr class=""bg-card rounded text-gray-200 bg-neutral-900"">","<td class='p-4'>Right</td> <td class='p-4'>T-intersection, RIGHT onto Tower Rd, paved (no sign)</td> <td class='p-4'>98.74</td>"
Left,Bear LEFT onto Cooper Lane (sign only for Tower Rd),98.88,1154.53,,Edited,"<tr class=""bg-card rounded text-gray-200 bg-neutral-900"">",<td class='p-4'>Left</td> <td class='p-4'>Bear LEFT onto Cooper Lane (sign only for Tower Rd)</td> <td class='p-4'>98.88</td>
Danger,Pavement at bottom of long descent: CAUTION: full stop coming up,100.7,643.7,,Edited,"<tr class=""bg-card rounded text-gray-200 bg-neutral-900"">",<td class='p-4'>Danger</td> <td class='p-4'>Pavement at bottom of long descent: CAUTION: full stop coming up</td> <td class='p-4'>100.7</td>
Left,"T-intersection, LEFT; Caution: limited sight distance on left",100.83,536.42,,Edited,"<tr class=""bg-card rounded text-gray-200 bg-neutral-900"">","<td class='p-4'>Left</td> <td class='p-4'>T-intersection, LEFT; Caution: limited sight distance on left</td> <td class='p-4'>100.83</td>"
Straight,STRAIGHT across Rt 2 onto Shelburne Center Rd (Caution: 55 mph traffic),100.95,545.28,,Edited,"<tr class=""bg-card rounded text-gray-200 bg-neutral-900"">",<td class='p-4'>Straight</td> <td class='p-4'>STRAIGHT across Rt 2 onto Shelburne Center Rd (Caution: 55 mph traffic)</td> <td class='p-4'>100.95</td>
Right,Quick RIGHT onto Barnard Rd,101.7,585.3,,Edited,"<tr class=""bg-card rounded text-gray-200 bg-neutral-900"">",<td class='p-4'>Right</td> <td class='p-4'>Quick RIGHT onto Barnard Rd</td> <td class='p-4'>101.7</td>
Left,Quick LEFT onto Allen Rd,101.75,585.3,,Edited,"<tr class=""bg-card rounded text-gray-200 bg-neutral-900"">",<td class='p-4'>Left</td> <td class='p-4'>Quick LEFT onto Allen Rd</td> <td class='p-4'>101.75</td>
Right,"T-intersection at bottom of steep hill, go RIGHT onto Bardwell's Ferry Rd",101.95,469.49,,Edited,"<tr class=""bg-card rounded text-gray-200 bg-neutral-900"">","<td class='p-4'>Right</td> <td class='p-4'>T-intersection at bottom of steep hill, go RIGHT onto Bardwell's Ferry Rd</td> <td class='p-4'>101.95</td>"
Left,Immediate LEFT at brick house onto South Shelburne Rd,101.98,467.85,,Edited,"<tr class=""bg-card rounded text-gray-200 bg-neutral-900"">",<td class='p-4'>Left</td> <td class='p-4'>Immediate LEFT at brick house onto South Shelburne Rd</td> <td class='p-4'>101.98</td>
Straight,"Straight through 4-way intersection. Note that routes
 diverges, don't follow riders onto Zerah Fiske Rd.",103.15,562.66,,Edited,"<tr class=""bg-card rounded text-gray-200 bg-neutral-900"">","<td class='p-4'>Straight</td> <td class='p-4'>Straight through 4-way intersection. Note that routes
 diverges, don't follow riders onto Zerah Fiske Rd.</td> <td class='p-4'>103.15</td>"
Right,RIGHT onto Taylor Rd at bottom of hill - don't miss this turn,104.01,736.88,,Edited,"<tr class=""bg-card rounded text-gray-200 bg-neutral-900"">",<td class='p-4'>Right</td> <td class='p-4'>RIGHT onto Taylor Rd at bottom of hill - don't miss this turn</td> <td class='p-4'>104.01</td>
Left,"LEFT onto Hawk's Rd (underneath power lines) Ignore ""Road Closed"" sign. Road open to bikes. Riders rejoin others to finish",105.77,562.99,no sign,Edited,"<tr class=""bg-card rounded text-gray-200 bg-neutral-900"">","<td class='p-4'>Left</td> <td class='p-4'>LEFT onto Hawk's Rd (underneath power lines) Ignore ""Road Closed"" sign. Road open to bikes. Riders rejoin others to finish</td> <td class='p-4'>105.77</td>"
Straight,Continue straight at driveway,106.33,468.83,,Edited,"<tr class=""bg-card rounded text-gray-200 bg-neutral-900"">",<td class='p-4'>Straight</td> <td class='p-4'>Continue straight at driveway</td> <td class='p-4'>106.33</td>
Danger,CAUTION: Road turns to dirt at bottom of hill and becomes rough and rocky with major gullies from recent rain!,106.54,555.45,,Edited,"<tr class=""bg-card rounded text-gray-200 bg-neutral-900"">",<td class='p-4'>Danger</td> <td class='p-4'>CAUTION: Road turns to dirt at bottom of hill and becomes rough and rocky with major gullies from recent rain!</td> <td class='p-4'>106.54</td>
Right,"Bear right, staying on pavement",108.34,434.06,,Edited,"<tr class=""bg-card rounded text-gray-200 bg-neutral-900"">","<td class='p-4'>Right</td> <td class='p-4'>Bear right, staying on pavement</td> <td class='p-4'>108.34</td>"
Right,"Bottom of sharp hill, RIGHT onto Upper Rd (no sign) - Dangerous intersection!",108.51,368.77,,Edited,"<tr class=""bg-card rounded text-gray-200 bg-neutral-900"">","<td class='p-4'>Right</td> <td class='p-4'>Bottom of sharp hill, RIGHT onto Upper Rd (no sign) - Dangerous intersection!</td> <td class='p-4'>108.51</td>"
Left,"T-intersection after concrete bridge, LEFT onto Stillwater Rd",109.52,168.64,,Edited,"<tr class=""bg-card rounded text-gray-200 bg-neutral-900"">","<td class='p-4'>Left</td> <td class='p-4'>T-intersection after concrete bridge, LEFT onto Stillwater Rd</td> <td class='p-4'>109.52</td>"
Left,Turn left onto Mill Village Rd,110.45,155.51,,,"<tr class=""bg-card rounded text-gray-200 bg-neutral-900"">",<td class='p-4'>Left</td> <td class='p-4'>Turn left onto Mill Village Rd</td> <td class='p-4'>110.45</td>
Sprint,"FINISH
Be sure to check in at registration tent. Open 12:30-8:00",111.35,142.72,,Edited,"<tr class=""bg-card rounded text-gray-200 bg-neutral-900"">","<td class='p-4'>Sprint</td> <td class='p-4'>FINISH
Be sure to check in at registration tent. Open 12:30-8:00</td> <td class='p-4'>111.35</td>"
End,End of route,111.35,142.72,,,"<tr class=""bg-card rounded text-gray-200 bg-neutral-900"">",<td class='p-4'>End</td> <td class='p-4'>End of route</td> <td class='p-4'>111.35</td>